{"mfcc": 0.28391770148526907, "m6_init": 0.48564645726807887, "m1": 0.5277209642074507, "m6": 0.57763574385196}